N6705B exported datalog,,
,,
Sample interval: 0.0499917,,
Trigger sample: 0,,
Date: Fri May  8 13:02:54 2026,,
,,
Sample,Volt avg 1,Curr avg 1
0,5.00073,0.00962113
1,5.00074,0.00962675
2,5.00074,0.00962298
3,5.00074,0.00962509
4,5.00074,0.00961685
5,5.00073,0.00962736
6,5.00073,0.00962368
7,5.00072,0.00961963
8,5.00073,0.00961869
9,5.00074,0.0096249
10,5.00072,0.00961785
11,5.00073,0.00961714
12,5.00073,0.00961929
13,5.00072,0.0096209
14,5.00073,0.00961463
15,5.00071,0.00961303
16,5.00072,0.00961273
17,5.00074,0.00962183
18,5.00074,0.0096208
19,5.00072,0.00961957
20,5.00074,0.00962071
21,5.00073,0.00962365
22,5.00073,0.00962388
23,5.00075,0.00961969
24,5.00072,0.00961823
25,5.00072,0.00962382
26,5.00072,0.0096181
27,5.00073,0.00962351
28,5.00074,0.00962332
29,5.00072,0.00962516
30,5.00073,0.00962632
31,5.00073,0.00962613
32,5.00072,0.00962369
33,5.00072,0.00962286
34,5.00073,0.00962134
35,5.00072,0.00961926
36,5.00072,0.00961986
37,5.00071,0.00961851
38,5.00072,0.0096245
39,5.00071,0.00962202
40,5.00071,0.00963024
41,5.00073,0.00962252
42,5.00072,0.00962455
43,5.00073,0.00962561
44,5.00071,0.00962308
45,5.00072,0.00962425
46,5.00073,0.00962211
47,5.00073,0.00962195
48,5.00072,0.00962553
49,5.00074,0.00961863
50,5.00072,0.00962084
51,5.00073,0.00961942
52,5.00072,0.00962144
53,5.00072,0.00962324
54,5.00073,0.00962189
55,5.00073,0.00962532
56,5.00073,0.00961876
57,5.00072,0.00962168
58,5.00074,0.00961911
59,5.00074,0.00962432
60,5.00072,0.00962002
61,5.00073,0.0096208
62,5.00072,0.00961914
63,5.00072,0.00962882
64,5.00073,0.00962767
65,5.00073,0.00961648
66,5.00071,0.00962328
67,5.00073,0.00962022
68,5.00072,0.00961915
69,5.00072,0.00962214
70,5.00071,0.0096075
71,5.00073,0.00961374
72,5.00073,0.00961369
73,5.00072,0.00961761
74,5.00073,0.00961029
75,5.00074,0.00961277
76,5.00072,0.00960917
77,5.00074,0.00961172
78,5.00074,0.00960808
79,5.00073,0.00962088
80,5.00074,0.0096135
81,5.00072,0.00961817
82,5.00071,0.00961158
83,5.00072,0.00961753
84,5.00072,0.00961609
85,5.00072,0.00961339
86,5.00072,0.00960899
87,5.00071,0.00961446
88,5.00071,0.00960917
89,5.00071,0.00961319
90,5.00072,0.00960604
91,5.00072,0.00960925
92,5.00072,0.0096041
93,5.00073,0.00960948
94,5.00073,0.0096079
95,5.00072,0.00960636
96,5.00072,0.00960597
97,5.00071,0.00960357
98,5.00073,0.00960557
99,5.00072,0.00960497
100,5.00074,0.00960424
101,5.00071,0.00961538
102,5.00073,0.00960969
103,5.00071,0.00960818
104,5.00073,0.00960989
105,5.0007,0.00961004
106,5.00073,0.00961219
107,5.00072,0.00961372
108,5.00073,0.00961083
109,5.00074,0.0096086
110,5.00073,0.00961894
111,5.00072,0.0096064
112,5.00073,0.00960133
113,5.00071,0.00960963
114,5.00074,0.00960919
115,5.00071,0.00960559
116,5.00074,0.00960612
117,5.00072,0.00960931
118,5.00072,0.00960591
119,5.00074,0.00960997
120,5.00072,0.00960861
121,5.00071,0.00960725
122,5.00072,0.00960862
123,5.00073,0.0096038
124,5.00071,0.0096061
125,5.00072,0.00961007
126,5.00073,0.00960537
127,5.00073,0.00960591
128,5.00073,0.00961239
129,5.00073,0.00960473
130,5.00073,0.00960533
131,5.00072,0.0096058
132,5.00072,0.00960644
133,5.00073,0.00961861
134,5.00073,0.00962113
135,5.00072,0.00961938
136,5.00072,0.00961612
137,5.00074,0.00962208
138,5.00072,0.00961925
139,5.00073,0.00962208
140,5.00072,0.00962342
141,5.00072,0.00962491
142,5.00072,0.0096233
143,5.00073,0.00962092
144,5.00073,0.00995161
145,5.00074,0.00961851
146,5.00073,0.00961704
147,5.00072,0.00962465
148,5.00074,0.009623
149,5.00072,0.00962442
150,5.00074,0.0099554
151,5.00073,0.00962823
152,5.00075,0.00962272
153,5.00073,0.00962264
154,5.00074,0.00962125
155,5.00076,0.00995454
156,5.00074,0.00962803
157,5.00074,0.00962594
158,5.00073,0.00962226
159,5.00072,0.00961179
160,5.00074,0.00994897
161,5.00074,0.00963443
162,5.00073,0.00962324
163,5.00074,0.00962681
164,5.00074,0.00962146
165,5.00074,0.00995286
166,5.00074,0.00961815
167,5.00073,0.00962423
168,5.00075,0.00962011
169,5.00073,0.00962715
170,5.00075,0.00985689
171,5.00073,0.00972248
172,5.00074,0.00962335
173,5.00073,0.00962205
174,5.00074,0.0096129
175,5.00075,0.00980233
176,5.00073,0.00975833
177,5.00073,0.00961202
178,5.00073,0.00960568
179,5.00074,0.00960775
180,5.00073,0.0096546
181,5.00075,0.00990935
182,5.00075,0.00961081
183,5.00073,0.00961104
184,5.00073,0.00960625
185,5.00073,0.0096099
186,5.00076,0.00994819
187,5.00074,0.0096054
188,5.00074,0.00960361
189,5.00073,0.00960873
190,5.00073,0.00960605
191,5.00075,0.0100355
192,5.00071,0.00960674
193,5.00071,0.00960495
194,5.00073,0.00960703
195,5.00072,0.00962463
196,5.00075,0.00995291
197,5.00073,0.00962357
198,5.00074,0.00961543
199,5.00072,0.00962299
200,5.00072,0.00962316
201,5.00074,0.00995496
202,5.00073,0.0096112
203,5.00072,0.00960923
204,5.00071,0.00961002
205,5.00073,0.00961517
206,5.00074,0.00986005
207,5.00072,0.00971309
208,5.00072,0.0096177
209,5.00072,0.00961235
210,5.00071,0.00961955
211,5.00073,0.00963442
212,5.00075,0.00994757
213,5.00072,0.00961688
214,5.00073,0.00960988
215,5.00075,0.00960911
216,5.00073,0.00961512
217,5.00076,0.00995696
218,5.00073,0.00962522
219,5.00074,0.00963186
220,5.00074,0.00962923
221,5.00074,0.00962842
222,5.00074,0.00995614
223,5.00071,0.00962817
224,5.00072,0.00962352
225,5.00074,0.00961703
226,5.00073,0.00962832
227,5.00073,0.00967816
228,5.00074,0.00989278
229,5.00072,0.00960566
230,5.00073,0.00961342
231,5.00071,0.00960621
232,5.00073,0.00961041
233,5.00075,0.009955
234,5.00072,0.00962011
235,5.00073,0.00962239
236,5.00072,0.00961909
237,5.00074,0.00962497
238,5.00074,0.00995744
239,5.00072,0.00962003
240,5.00072,0.0096144
241,5.00073,0.00960587
242,5.00072,0.0096051
243,5.00073,0.00994748
244,5.00073,0.0096247
245,5.00071,0.00962163
246,5.00073,0.00961814
247,5.00073,0.00961575
248,5.00073,0.00984681
249,5.00074,0.00973262
250,5.00073,0.00961868
251,5.00072,0.00962059
252,5.00072,0.00962468
253,5.00074,0.0096497
254,5.00074,0.00993393
255,5.00072,0.00961603
256,5.00074,0.00961992
257,5.00072,0.00961776
258,5.00073,0.00961808
259,5.00074,0.00994952
260,5.00073,0.00961975
261,5.00072,0.00961506
262,5.00074,0.00962127
263,5.00073,0.00961768
264,5.00076,0.0099536
265,5.00074,0.00961961
266,5.00073,0.00961852
267,5.00073,0.00961676
268,5.00074,0.00962238
269,5.00075,0.00994978
270,5.00073,0.00960997
271,5.00074,0.00960374
272,5.00073,0.00960769
273,5.00074,0.00960431
274,5.00074,0.00982442
275,5.00074,0.00973371
276,5.00073,0.00962012
277,5.00073,0.00962276
278,5.00073,0.00961897
279,5.00072,0.00966963
280,5.00075,0.00990156
281,5.00073,0.00962534
282,5.00074,0.00962496
283,5.00073,0.00962269
284,5.00073,0.00962301
285,5.00075,0.00995495
286,5.00074,0.00962449
287,5.00072,0.00961635
288,5.00073,0.00962266
289,5.00072,0.00962117
290,5.00075,0.00995365
291,5.00073,0.00961053
292,5.00073,0.00960184
293,5.00072,0.00960718
294,5.00072,0.0096032
295,5.00074,0.00994513
296,5.00074,0.00962328
297,5.00072,0.00962301
298,5.00072,0.00962643
299,5.00073,0.00962219
300,5.00073,0.00985746
301,5.00073,0.00971028
302,5.00073,0.00962111
303,5.00073,0.00962078
304,5.00072,0.00962039
305,5.00074,0.00995234
306,5.00073,0.00962084
307,5.00073,0.00962071
308,5.00073,0.0096198
309,5.00073,0.00962309
310,5.00074,0.00995154
311,5.00072,0.00960518
312,5.00071,0.00960301
313,5.00073,0.00960978
314,5.00075,0.00961139
315,5.00075,0.00994774
316,5.00072,0.00960624
317,5.00072,0.00960753
318,5.00072,0.0096113
319,5.00073,0.00960979
320,5.00075,0.00994909
321,5.00074,0.00960244
322,5.00071,0.00960901
323,5.00073,0.00960589
324,5.00075,0.0096092
325,5.00074,0.00994378
326,5.00072,0.00962022
327,5.00072,0.00961651
328,5.00072,0.00961928
329,5.00072,0.00960542
330,5.00074,0.00994121
331,5.00073,0.0096207
332,5.00073,0.00962028
333,5.00072,0.00961487
334,5.00073,0.00962191
335,5.00074,0.00995205
336,5.00074,0.00962475
337,5.00072,0.00962186
338,5.00074,0.00962093
339,5.00071,0.00961973
340,5.00074,0.00995816
341,5.00073,0.0096158
342,5.00073,0.00961434
343,5.00073,0.0096122
344,5.00072,0.00960424
345,5.00073,0.00976659
346,5.00074,0.00979146
347,5.00073,0.00962267
348,5.00072,0.00962586
349,5.00072,0.00962449
350,5.00073,0.00962885
351,5.00076,0.00995671
352,5.00073,0.00961998
353,5.00074,0.00962132
354,5.00074,0.00962505
355,5.00074,0.00961924
356,5.00074,0.00995289
357,5.00073,0.00961395
358,5.00072,0.00961088
359,5.00073,0.0096127
360,5.00072,0.00960582
361,5.00073,0.00984254
362,5.00073,0.00970802
363,5.00072,0.00960767
364,5.00072,0.00960836
365,5.00072,0.00960846
366,5.00072,0.00960805
367,5.00074,0.00994998
368,5.00075,0.00961195
369,5.00074,0.00960866
370,5.00072,0.00961143
371,5.0007,0.00961147
372,5.00075,0.00995767
373,5.00074,0.00961902
374,5.00073,0.00962079
375,5.00074,0.0096196
376,5.00074,0.00962971
377,5.00073,0.00985786
378,5.00073,0.00971141
379,5.00073,0.00962383
380,5.00074,0.00962191
381,5.00074,0.00962281
382,5.00075,0.00995199
383,5.00075,0.00962968
384,5.00075,0.00962304
385,5.00072,0.00961827
386,5.00074,0.00962708
387,5.00076,0.00995887
388,5.00074,0.00962304
389,5.00073,0.00969936
390,5.00074,0.00961188
391,5.00072,0.00961267
392,5.00074,0.00994549
393,5.00071,0.00962031
394,5.00073,0.00962297
395,5.00073,0.00962302
396,5.00072,0.00962267
397,5.00074,0.00995595
398,5.00071,0.00962137
399,5.00074,0.00960897
400,5.00073,0.00961612
401,5.00074,0.00961216
402,5.00073,0.00994824
403,5.00073,0.00961856
404,5.00073,0.00961453
405,5.00073,0.00961961
406,5.00074,0.00962341
407,5.00075,0.00994227
408,5.00072,0.0096092
409,5.00074,0.00961041
410,5.00074,0.00961086
411,5.00073,0.00960555
412,5.00075,0.009945
413,5.00073,0.00960698
414,5.00072,0.00962324
415,5.00073,0.00962266
416,5.00073,0.00962772
417,5.00075,0.00987024
418,5.00074,0.00971014
419,5.00073,0.00961608
420,5.00072,0.00961949
421,5.00071,0.00961884
422,5.00075,0.00986143
423,5.00072,0.00971269
424,5.00074,0.00960613
425,5.00074,0.00960668
426,5.00073,0.00961281
427,5.00073,0.00989465
428,5.00073,0.00965117
429,5.00073,0.00960926
430,5.00073,0.00960692
431,5.00072,0.00960707
432,5.00074,0.00981713
433,5.00074,0.00973283
434,5.00073,0.0096066
435,5.00072,0.00960429
436,5.00072,0.00960458
437,5.00071,0.00960626
438,5.00073,0.00995263
439,5.00073,0.00962011
440,5.00073,0.0096189
441,5.00074,0.00962392
442,5.00071,0.009619
443,5.00073,0.00994788
444,5.00073,0.00960584
445,5.00072,0.00961033
446,5.00073,0.0096112
447,5.00073,0.00961403
448,5.00073,0.00994593
449,5.00073,0.00960385
450,5.00073,0.00960838
451,5.00073,0.00960695
452,5.00074,0.00963297
453,5.00076,0.00995802
454,5.00073,0.00962508
455,5.00074,0.00962592
456,5.00073,0.00962227
457,5.00072,0.0096255
458,5.00073,0.00995007
459,5.00072,0.00960741
460,5.00073,0.00961093
461,5.00072,0.00960611
462,5.00073,0.00960965
463,5.00073,0.00994409
464,5.00073,0.00961601
465,5.00071,0.00960904
466,5.00073,0.00961312
467,5.00073,0.00961124
468,5.00073,0.00960793
469,5.00075,0.00995965
470,5.00073,0.00961885
471,5.00073,0.00962296
472,5.00072,0.00960799
473,5.00072,0.00961377
474,5.00075,0.00994205
475,5.00074,0.00962412
476,5.00074,0.00962292
477,5.00073,0.00962503
478,5.00075,0.00962433
479,5.00074,0.00978647
480,5.00073,0.00978658
481,5.00074,0.00961917
482,5.00074,0.00960644
483,5.00074,0.00961096
484,5.00072,0.00961221
485,5.00076,0.00995371
486,5.00072,0.00962424
487,5.00073,0.00962204
488,5.00074,0.0096221
489,5.00072,0.00962014
490,5.00074,0.00994836
491,5.00073,0.00961126
492,5.00072,0.00960924
493,5.00071,0.00960945
494,5.00073,0.00961312
495,5.00075,0.00984957
496,5.00073,0.00970222
497,5.00072,0.00960683
498,5.00073,0.00960989
499,5.00073,0.00960951
500,5.00071,0.00960781
501,5.00075,0.00994841
502,5.00072,0.00961797
503,5.00075,0.00962067
504,5.00073,0.00962436
505,5.00072,0.00962077
506,5.00074,0.00995362
507,5.00073,0.00961012
508,5.00072,0.00961571
509,5.00073,0.00961058
510,5.00072,0.00960987
511,5.00073,0.00960855
512,5.00075,0.00994755
513,5.00072,0.00961366
514,5.00073,0.00961334
515,5.00074,0.00961318
516,5.00073,0.00960995
517,5.00076,0.00995046
518,5.00073,0.00962175
519,5.00074,0.00962905
520,5.00074,0.00963829
521,5.00074,0.00962756
522,5.00075,0.00987514
523,5.00074,0.00971122
524,5.00075,0.00962909
525,5.00073,0.00962059
526,5.00074,0.00962873
527,5.00072,0.00962333
528,5.00075,0.00995383
529,5.00073,0.0096134
530,5.00071,0.00961413
531,5.00074,0.00961321
532,5.00073,0.00961104
533,5.00076,0.0099408
534,5.00072,0.0096093
535,5.00074,0.00960519
536,5.00074,0.00961081
537,5.00073,0.00961233
538,5.00072,0.00961588
539,5.00075,0.009952
540,5.00073,0.00962849
541,5.00073,0.00963034
542,5.00073,0.00963072
543,5.00075,0.00963343
544,5.00076,0.00996349
545,5.00073,0.00962193
546,5.00072,0.0096201
547,5.00073,0.00961426
548,5.00072,0.00962043
549,5.00075,0.00985535
550,5.00074,0.00972918
551,5.00072,0.00963307
552,5.00074,0.0096356
553,5.00073,0.00963037
554,5.00072,0.00963208
555,5.00074,0.00996531
556,5.00072,0.00962966
557,5.00073,0.0096264
558,5.00072,0.00963675
559,5.00074,0.00962682
560,5.00074,0.00996091
561,5.00074,0.00962806
562,5.00074,0.00963233
563,5.00074,0.00962866
564,5.00072,0.00963143
565,5.00073,0.00968827
566,5.00074,0.00990988
567,5.00073,0.00963197
568,5.00074,0.00964077
569,5.00072,0.00963071
570,5.00074,0.00964118
571,5.00075,0.00996357
572,5.00073,0.00961864
573,5.00074,0.00961843
574,5.00073,0.00962072
575,5.00073,0.00961615
576,5.00074,0.00985355
577,5.00074,0.00972312
578,5.00074,0.00962964
579,5.00074,0.00962639
580,5.00075,0.00963378
581,5.00074,0.00962424
582,5.00075,0.00995555
583,5.00073,0.0096203
584,5.00072,0.00961718
585,5.00074,0.00961737
586,5.00072,0.00961987
587,5.00073,0.00977515
588,5.00072,0.0097888
589,5.00073,0.00961703
590,5.00072,0.00961446
591,5.00073,0.00961305
592,5.00071,0.00961847
593,5.00075,0.00995475
594,5.00074,0.00963102
595,5.00073,0.0096293
596,5.00074,0.00963341
597,5.00073,0.00962685
598,5.00073,0.00987224
599,5.00073,0.009701
600,5.00073,0.00962902
601,5.00073,0.00962963
602,5.00072,0.00962739
603,5.00074,0.00962362
604,5.00074,0.00995997
605,5.00074,0.00963148
606,5.00076,0.00962868
607,5.00074,0.00962397
608,5.00074,0.00962842
609,5.00075,0.00995346
610,5.00073,0.009611
611,5.00073,0.00961102
612,5.00073,0.00960899
613,5.00074,0.00969617
614,5.00076,0.00995185
615,5.00074,0.00961322
616,5.00072,0.00961116
617,5.00072,0.00961113
618,5.00074,0.00961349
619,5.00074,0.00985647
620,5.00074,0.00970168
621,5.00073,0.00961714
622,5.00072,0.00961696
623,5.00074,0.00961337
624,5.00072,0.0096122
625,5.00076,0.00995767
626,5.00074,0.00963013
627,5.00074,0.0096242
628,5.00073,0.00962977
629,5.00073,0.00962328
630,5.00075,0.00986811
631,5.00074,0.00972265
632,5.00072,0.00962253
633,5.00072,0.0096187
634,5.00072,0.00962918
635,5.00074,0.00962423
636,5.00075,0.00995647
637,5.00071,0.00961758
638,5.00073,0.00961949
639,5.00073,0.00961926
640,5.00074,0.0096214
641,5.00071,0.00962135
642,5.00075,0.00995671
643,5.00074,0.00962186
644,5.00074,0.00962453
645,5.00072,0.00962226
646,5.00072,0.00961852
647,5.00075,0.00995874
648,5.00073,0.00962231
649,5.00072,0.00961508
650,5.00075,0.00961689
651,5.00071,0.00961139
652,5.00075,0.00987284
653,5.00073,0.00968897
654,5.00072,0.00960992
655,5.00073,0.00960521
656,5.00073,0.00960761
657,5.00072,0.00961053
658,5.00075,0.00995311
659,5.00073,0.00960952
660,5.00072,0.0096127
661,5.00072,0.00961582
662,5.00073,0.00961365
663,5.00074,0.00995287
664,5.00073,0.00962401
665,5.00074,0.00960979
666,5.00074,0.00979606
667,5.0007,0.009609
668,5.00073,0.00961196
669,5.00074,0.00994543
670,5.00072,0.00962807
671,5.00071,0.00961306
672,5.00072,0.00961696
673,5.00073,0.00960927
674,5.00074,0.00985645
675,5.00073,0.00969937
676,5.00071,0.00960668
677,5.00073,0.00961386
678,5.00071,0.00961525
679,5.00071,0.00960529
680,5.00073,0.00994962
681,5.00073,0.00960213
682,5.00071,0.00960681
683,5.00073,0.0096071
684,5.00072,0.00960922
685,5.00074,0.00961466
686,5.00076,0.00996098
687,5.00074,0.00962137
688,5.00073,0.00962359
689,5.00074,0.00962011
690,5.00073,0.0096196
691,5.00076,0.009951
692,5.00072,0.00962264
693,5.00071,0.00962332
694,5.00074,0.00962114
695,5.00073,0.00962243
696,5.00073,0.00986106
697,5.00072,0.00970727
698,5.00073,0.00962399
699,5.00073,0.00962032
700,5.00072,0.00961009
701,5.00072,0.00960801
702,5.00075,0.0099459
703,5.00072,0.009617
704,5.00074,0.00961873
705,5.00074,0.00962459
706,5.00073,0.00962097
707,5.00073,0.00980448
708,5.00076,0.00977479
709,5.00073,0.00962484
710,5.00074,0.00962591
711,5.00072,0.00962855
712,5.00074,0.00962748
713,5.00073,0.0099611
714,5.00071,0.00962432
715,5.00074,0.00962499
716,5.00072,0.00962525
717,5.00073,0.00962514
718,5.00074,0.00986568
719,5.00073,0.00971029
720,5.00072,0.00961007
721,5.00071,0.00961558
722,5.00071,0.00961959
723,5.00072,0.00961959
724,5.00075,0.00995733
725,5.00071,0.00962485
726,5.00073,0.00962878
727,5.00072,0.00962874
728,5.00072,0.00962512
729,5.00074,0.00995761
730,5.00073,0.00964198
731,5.00073,0.00963261
732,5.00072,0.00963178
733,5.00072,0.0096223
734,5.00073,0.00964124
735,5.00073,0.00994356
736,5.00072,0.00962695
737,5.00073,0.00962251
738,5.00075,0.00962031
739,5.00072,0.00961786
740,5.00073,0.00995219
741,5.00073,0.00961933
742,5.00074,0.00960931
743,5.00071,0.00961365
744,5.00073,0.00961117
745,5.00072,0.00960709
746,5.00076,0.00996701
747,5.00075,0.00962119
748,5.00072,0.00962606
749,5.00073,0.0096236
750,5.00075,0.00962716
751,5.00076,0.00995418
752,5.00073,0.00962863
753,5.00073,0.00962386
754,5.00074,0.0096284
755,5.00073,0.00962015
756,5.00072,0.00962505
757,5.00074,0.00995048
758,5.00072,0.00961182
759,5.00073,0.00961669
760,5.00074,0.00960845
761,5.00074,0.0096242
762,5.00074,0.00995927
763,5.00073,0.00962258
764,5.00073,0.00962446
765,5.00073,0.00962444
766,5.00072,0.00962081
767,5.00073,0.00962636
768,5.00074,0.00995345
769,5.00071,0.00962311
770,5.00073,0.00962249
771,5.00073,0.00964044
772,5.00072,0.0096222
773,5.00074,0.00996891
774,5.00074,0.00961069
775,5.00073,0.00961168
776,5.00072,0.00961386
777,5.00072,0.00960888
778,5.00075,0.00968444
779,5.00073,0.00987917
780,5.00075,0.0096239
781,5.00072,0.00961517
782,5.00074,0.00962254
783,5.00074,0.00963489
784,5.00075,0.00994067
785,5.00072,0.00961209
786,5.00074,0.00961322
787,5.00073,0.00961191
788,5.00073,0.00962604
789,5.00076,0.00994364
790,5.00072,0.00961095
791,5.00073,0.00961587
792,5.00072,0.00960929
793,5.00072,0.0096001
794,5.00074,0.00995513
795,5.00072,0.00960722
796,5.00073,0.00960731
797,5.00072,0.00960271
798,5.00072,0.00962285
799,5.00075,0.00995767
800,5.00074,0.00963288
801,5.00073,0.00962424
802,5.00072,0.00961945
803,5.00073,0.00960918
804,5.00075,0.00994083
805,5.00074,0.009603
806,5.00073,0.0096009
807,5.00073,0.00960419
808,5.00072,0.00962111
809,5.00074,0.00995708
810,5.00073,0.00962631
811,5.00074,0.00962428
812,5.00072,0.00962809
813,5.00072,0.00962618
814,5.00075,0.00995241
815,5.00072,0.00960635
816,5.00073,0.00961048
817,5.00072,0.00960951
818,5.00072,0.00961525
819,5.00074,0.00994755
820,5.00073,0.00962349
821,5.00074,0.0096208
822,5.00075,0.00963187
823,5.00072,0.00962597
824,5.00073,0.00995178
825,5.00073,0.00960903
826,5.00072,0.00960576
827,5.00074,0.00961037
828,5.00072,0.00960873
829,5.00072,0.00961428
830,5.00075,0.00995134
831,5.00071,0.0096093
832,5.00071,0.00962481
833,5.00073,0.00962168
834,5.00072,0.00962227
835,5.00074,0.00995711
836,5.00072,0.00961034
837,5.00073,0.0096197
838,5.00071,0.00962517
839,5.00072,0.00961691
840,5.00075,0.00995
841,5.0007,0.00960978
842,5.00072,0.00960505
843,5.00072,0.0096067
844,5.00073,0.00960962
845,5.00073,0.00994195
846,5.00072,0.00960682
847,5.00073,0.00961178
848,5.00073,0.00961418
849,5.00074,0.00960869
850,5.00074,0.00995411
851,5.00073,0.00962315
852,5.00072,0.00962187
853,5.00072,0.00962311
854,5.00074,0.00962413
855,5.00073,0.00967026
856,5.00074,0.00990173
857,5.00073,0.00961751
858,5.00074,0.00961795
859,5.00073,0.00961754
860,5.00073,0.00962815
861,5.00075,0.00994931
862,5.00073,0.00961132
863,5.00072,0.0096084
864,5.00072,0.00960853
865,5.00073,0.00960617
866,5.00075,0.00995338
867,5.00073,0.00961528
868,5.00074,0.00961097
869,5.00073,0.00960566
870,5.00073,0.00961695
871,5.00076,0.00994616
872,5.00074,0.00962482
873,5.00074,0.0096231
874,5.00073,0.00961171
875,5.00072,0.00961184
876,5.00076,0.00995293
877,5.00073,0.00960855
878,5.00075,0.00961396
879,5.00072,0.00961551
880,5.00073,0.00961088
881,5.00075,0.00994881
882,5.00074,0.00962449
883,5.00074,0.00962102
884,5.00072,0.00962524
885,5.00074,0.00962027
886,5.00074,0.00995556
887,5.00071,0.00961173
888,5.00073,0.00960849
889,5.00072,0.00960681
890,5.00073,0.00961246
891,5.00073,0.00986391
892,5.00073,0.00970371
893,5.00072,0.00961591
894,5.00072,0.00962466
895,5.00073,0.00962162
896,5.00072,0.0096227
897,5.00074,0.00995383
898,5.00074,0.00962477
899,5.00073,0.0096217
900,5.00073,0.00962689
901,5.00072,0.00962077
902,5.00074,0.00994989
903,5.00073,0.00960779
904,5.00072,0.00961126
905,5.00072,0.00961328
906,5.00073,0.00961015
907,5.00076,0.00995022
908,5.00073,0.00962188
909,5.00073,0.00962179
910,5.00072,0.00962391
911,5.00073,0.0096211
912,5.00076,0.00995683
913,5.00074,0.00962557
914,5.00074,0.0096255
915,5.00071,0.00961994
916,5.00073,0.00962512
917,5.00075,0.00994897
918,5.00074,0.00962711
919,5.00071,0.00962532
920,5.00073,0.00962214
921,5.00073,0.00963544
922,5.00074,0.00995688
923,5.00073,0.00962366
924,5.00072,0.00962109
925,5.00074,0.00970681
926,5.00073,0.00962273
927,5.00075,0.00990954
928,5.00074,0.00968523
929,5.00076,0.0096303
930,5.00074,0.00962905
931,5.00073,0.0096276
932,5.00074,0.00986516
933,5.00075,0.00972081
934,5.00075,0.00962919
935,5.00074,0.00962924
936,5.00073,0.00962552
937,5.00074,0.00972742
938,5.00075,0.00984809
939,5.00071,0.00960738
940,5.00074,0.0096103
941,5.00073,0.00960908
942,5.00072,0.00960883
943,5.00076,0.00994824
944,5.00074,0.00961389
945,5.00074,0.00961642
946,5.00074,0.0096122
947,5.00073,0.00961105
948,5.00074,0.00994556
949,5.00073,0.00961927
950,5.00074,0.00963029
951,5.00074,0.00962529
952,5.00073,0.00962105
953,5.00075,0.00986842
954,5.00076,0.00971774
955,5.00076,0.00962131
956,5.00073,0.00962087
957,5.00073,0.0096224
958,5.00075,0.00986878
959,5.00074,0.00970642
960,5.00072,0.00960837
961,5.00072,0.00961108
962,5.00073,0.00961141
963,5.0007,0.00961211
964,5.00075,0.009947
965,5.00072,0.00960825
966,5.00071,0.00960873
967,5.00073,0.00960925
968,5.00072,0.00961424
969,5.00076,0.009955
970,5.00073,0.00961558
971,5.00073,0.0096155
972,5.00074,0.00961303
973,5.00073,0.00961547
974,5.00075,0.00995194
975,5.00074,0.00962458
976,5.00073,0.00961911
977,5.00073,0.00962707
978,5.00073,0.00962702
979,5.00074,0.00995002
980,5.00073,0.00960961
981,5.00072,0.00961463
982,5.00073,0.00961089
983,5.00072,0.00961183
984,5.00076,0.00995472
985,5.00073,0.00961588
986,5.00073,0.00961507
987,5.00073,0.00961185
988,5.00071,0.00961239
989,5.00075,0.00995137
990,5.00074,0.00963034
991,5.00073,0.00962192
992,5.00074,0.009624
993,5.00074,0.00962493
994,5.00075,0.00995331
995,5.00073,0.00960854
996,5.00074,0.00961172
997,5.00073,0.00960305
998,5.00073,0.0096124
999,5.00075,0.00994626
1000,5.00074,0.00962452
1001,5.00074,0.00962627
1002,5.00073,0.00963003
1003,5.00074,0.00962932
1004,5.00075,0.00995449
1005,5.00073,0.00960638
1006,5.00074,0.00960943
1007,5.00073,0.00960577
1008,5.00073,0.00960912
1009,5.00075,0.0099463
1010,5.00074,0.00961013
1011,5.00073,0.00960796
1012,5.00074,0.00961354
1013,5.00073,0.00960844
1014,5.00073,0.00995338
1015,5.00072,0.0096233
1016,5.00073,0.00962465
1017,5.00074,0.009619
1018,5.00073,0.00962373
1019,5.00076,0.0099533
1020,5.00074,0.00961158
1021,5.00073,0.00961172
1022,5.00072,0.00960642
1023,5.00074,0.00960707
1024,5.00076,0.00994593
1025,5.00074,0.00962075
1026,5.00073,0.00960991
1027,5.00073,0.00961088
1028,5.00072,0.00961253
1029,5.00076,0.0099475
1030,5.00073,0.0096127
1031,5.00073,0.0096111
1032,5.00072,0.00961256
1033,5.00073,0.00961152
1034,5.00074,0.00994732
1035,5.00073,0.00961254
1036,5.00071,0.00960724
1037,5.00073,0.00960923
1038,5.00073,0.00960684
1039,5.00074,0.00994815
1040,5.00074,0.00962925
1041,5.00073,0.00962556
1042,5.00073,0.00962523
1043,5.00074,0.0096254
1044,5.00076,0.00995064
1045,5.00073,0.00961718
1046,5.00073,0.00961424
1047,5.00073,0.00960748
1048,5.00074,0.00961299
1049,5.00076,0.00995134
1050,5.00073,0.00960948
1051,5.00072,0.00960559
1052,5.00073,0.00961028
1053,5.00073,0.00960755
1054,5.00074,0.00995618
1055,5.00074,0.0096216
1056,5.00074,0.00962837
1057,5.00074,0.00961942
1058,5.00075,0.00962802
1059,5.00076,0.00995447
1060,5.00072,0.00961893
1061,5.00073,0.00961697
1062,5.00073,0.0096296
1063,5.00073,0.00962136
1064,5.00075,0.00995971
1065,5.00073,0.00961282
1066,5.00073,0.00960884
1067,5.00072,0.00960648
1068,5.00071,0.00961199
1069,5.00075,0.0099507
1070,5.00072,0.00960774
1071,5.00073,0.00960444
1072,5.00073,0.00961557
1073,5.00073,0.00960876
1074,5.00075,0.00996103
1075,5.00073,0.00960983
1076,5.00075,0.00961236
1077,5.00072,0.00961701
1078,5.00074,0.00961492
1079,5.00074,0.00995394
1080,5.00075,0.00963633
1081,5.00074,0.00962954
1082,5.00074,0.00963311
1083,5.00073,0.00963232
1084,5.00075,0.00996296
1085,5.00074,0.00961127
1086,5.00072,0.00961634
1087,5.00071,0.0096068
1088,5.00072,0.00961487
1089,5.00075,0.00995014
1090,5.00071,0.00960957
1091,5.00071,0.00960615
1092,5.00073,0.00961055
1093,5.00072,0.00960587
1094,5.00073,0.00994857
1095,5.00073,0.00960759
1096,5.00072,0.00961217
1097,5.00073,0.00961778
1098,5.00073,0.0096314
1099,5.00074,0.00995756
1100,5.00072,0.00961623
1101,5.00073,0.00962517
1102,5.00074,0.00962352
1103,5.00073,0.00962262
1104,5.00075,0.00995145
1105,5.00073,0.00961197
1106,5.00072,0.00961423
1107,5.00072,0.00960805
1108,5.00073,0.0096056
1109,5.00073,0.00994391
1110,5.00072,0.00960609
1111,5.00073,0.00960472
1112,5.00071,0.00961164
1113,5.00073,0.00961017
1114,5.00073,0.00994939
1115,5.00073,0.00961348
1116,5.00072,0.00961066
1117,5.00072,0.00962072
1118,5.00071,0.00962937
1119,5.00074,0.00996188
1120,5.00075,0.00962521
1121,5.00074,0.00962674
1122,5.00073,0.00962318
1123,5.00074,0.00962659
1124,5.00074,0.00995504
1125,5.00072,0.00962094
1126,5.00073,0.00961457
1127,5.00072,0.00960841
1128,5.00073,0.00961533
1129,5.00073,0.00995146
1130,5.00073,0.00960848
1131,5.00073,0.0096097
1132,5.00072,0.00961278
1133,5.00073,0.00961273
1134,5.00075,0.00995221
1135,5.00072,0.00960953
1136,5.00071,0.00961572
1137,5.00072,0.00960867
1138,5.00073,0.00961253
1139,5.00074,0.0099464
1140,5.00072,0.00962147
1141,5.00074,0.00961282
1142,5.00073,0.00961342
1143,5.00073,0.00963344
1144,5.00073,0.00995765
1145,5.00073,0.0096304
1146,5.00074,0.00962637
1147,5.00072,0.00962456
1148,5.00073,0.00963301
1149,5.00072,0.00962447
1150,5.00075,0.00995557
1151,5.00073,0.00962225
1152,5.00072,0.00963039
1153,5.00071,0.00961608
1154,5.00073,0.00962706
1155,5.00074,0.00995441
1156,5.00072,0.00961963
1157,5.00071,0.00969137
1158,5.00073,0.00961243
1159,5.00073,0.00960121
1160,5.00074,0.00968142
1161,5.00075,0.00988286
1162,5.00072,0.00960512
1163,5.00073,0.00960044
1164,5.00073,0.0096034
1165,5.00072,0.00960271
1166,5.00076,0.0099453
1167,5.00073,0.00960615
1168,5.00072,0.00960847
1169,5.00072,0.00960115
1170,5.00072,0.00961755
1171,5.00073,0.00962085
1172,5.00073,0.00995264
1173,5.00073,0.00961232
1174,5.00073,0.00960666
1175,5.00072,0.00959978
1176,5.00073,0.00961145
1177,5.00074,0.00993942
1178,5.00073,0.00962836
1179,5.00075,0.00962085
1180,5.00073,0.00962177
1181,5.00074,0.00962036
1182,5.00073,0.00985597
1183,5.00073,0.00970422
1184,5.00072,0.00961382
1185,5.00072,0.0096139
1186,5.00072,0.0096094
1187,5.00072,0.00961255
1188,5.00073,0.00995364
1189,5.00071,0.00960441
1190,5.00072,0.00961186
1191,5.00072,0.00960715
1192,5.00071,0.00960598
1193,5.00071,0.00960722
1194,5.00073,0.00995118
1195,5.00074,0.00962055
1196,5.00072,0.00961701
1197,5.00072,0.00961687
1198,5.00073,0.00962047
1199,5.00073,0.00985918
1200,5.00074,0.0097118
1201,5.00074,0.00962124
1202,5.00073,0.00962375
1203,5.00073,0.00961736
1204,5.00072,0.00961989
1205,5.00074,0.00994965
1206,5.00073,0.00961985
1207,5.00072,0.00961925
1208,5.00073,0.00962236
1209,5.00073,0.00962035
1210,5.00075,0.00995449
1211,5.00073,0.00962119
1212,5.00074,0.00962492
1213,5.00073,0.00962061
1214,5.00075,0.00962004
1215,5.00074,0.00979516
1216,5.00074,0.0097738
1217,5.00072,0.00960952
1218,5.00073,0.00961176
1219,5.00072,0.00961105
1220,5.00072,0.00961487
1221,5.00075,0.00994316
1222,5.00072,0.0096092
1223,5.00073,0.00961085
1224,5.00072,0.00961395
1225,5.00073,0.00960843
1226,5.00073,0.00995118
1227,5.0007,0.00960779
1228,5.00072,0.00962017
1229,5.00072,0.00960815
1230,5.00071,0.00961365
1231,5.00076,0.00980627
1232,5.00076,0.00976076
1233,5.00072,0.00961706
1234,5.00073,0.00962617
1235,5.00075,0.00961815
1236,5.00073,0.00962704
1237,5.00074,0.00995831
1238,5.00074,0.00962312
1239,5.00071,0.00962253
1240,5.00073,0.00962482
1241,5.00073,0.00961801
1242,5.00074,0.00986056
1243,5.00073,0.00972318
1244,5.00074,0.00963265
1245,5.00074,0.0096266
1246,5.00073,0.00962521
1247,5.00073,0.00962335
1248,5.00074,0.00995496
1249,5.00073,0.00962411
1250,5.00073,0.00962263
1251,5.00074,0.00962204
1252,5.00073,0.00962344
1253,5.00072,0.00985714
1254,5.00072,0.00969351
1255,5.00072,0.00960647
1256,5.00072,0.00961228
1257,5.00073,0.00961204
1258,5.00073,0.00960631
1259,5.00075,0.00996
1260,5.00073,0.00962665
1261,5.00074,0.00962105
1262,5.00073,0.00962411
1263,5.00073,0.00962118
1264,5.00074,0.00995653
1265,5.00074,0.00961078
1266,5.00072,0.00960699
1267,5.00071,0.00960486
1268,5.00073,0.00960393
1269,5.00074,0.00982718
1270,5.00075,0.00975171
1271,5.00073,0.00961662
1272,5.00073,0.0096227
1273,5.00071,0.00961708
1274,5.00071,0.00960675
1275,5.00075,0.00994695
1276,5.00072,0.00960772
1277,5.00072,0.00960613
1278,5.00074,0.00962013
1279,5.00072,0.00961188
1280,5.00074,0.00981047
1281,5.00073,0.00974985
1282,5.00073,0.00962369
1283,5.00072,0.00962411
1284,5.00073,0.00961849
1285,5.00073,0.00961939
1286,5.00074,0.00995841
1287,5.00073,0.00962709
1288,5.00074,0.00962568
1289,5.00072,0.00961937
1290,5.00073,0.00961742
1291,5.00074,0.00985528
1292,5.00073,0.00972013
1293,5.00073,0.009628
1294,5.00073,0.00962527
1295,5.00073,0.00962236
1296,5.00073,0.00962247
1297,5.00075,0.00994742
1298,5.0007,0.00961216
1299,5.00073,0.00960302
1300,5.00072,0.0096073
1301,5.00074,0.00960921
1302,5.00072,0.00994331
1303,5.00072,0.00962531
1304,5.00071,0.00961758
1305,5.00072,0.00961687
1306,5.00072,0.0096212
1307,5.00073,0.00962235
1308,5.00075,0.00995466
1309,5.00073,0.00961741
1310,5.00073,0.00962775
1311,5.00074,0.00961943
1312,5.00071,0.00962403
1313,5.00074,0.00993181
1314,5.00072,0.0096297
1315,5.00072,0.00962361
1316,5.00074,0.00962116
1317,5.00074,0.00961825
1318,5.00074,0.00962349
1319,5.00075,0.00994576
1320,5.00073,0.0096115
1321,5.00074,0.00960633
1322,5.00074,0.00961449
1323,5.00074,0.00963886
1324,5.00075,0.0100304
1325,5.00075,0.00961878
1326,5.00074,0.00962267
1327,5.00072,0.00961757
1328,5.00073,0.00962493
1329,5.00072,0.00968834
1330,5.00074,0.00987486
1331,5.00072,0.0096075
1332,5.00073,0.00960619
1333,5.00072,0.00960543
1334,5.00072,0.00961133
1335,5.00074,0.00992078
1336,5.00073,0.00963843
1337,5.00073,0.00960897
1338,5.00072,0.00961346
1339,5.00074,0.0096127
1340,5.00074,0.00962086
1341,5.00074,0.00994779
1342,5.00073,0.00962281
1343,5.00073,0.00962035
1344,5.00074,0.00962241
1345,5.00072,0.00961677
1346,5.00073,0.00995716
1347,5.00073,0.00960702
1348,5.00073,0.00960982
1349,5.00071,0.00960651
1350,5.00073,0.00960661
1351,5.00073,0.00983512
1352,5.00074,0.00972998
1353,5.00073,0.00962358
1354,5.00073,0.00962312
1355,5.00073,0.00961762
1356,5.00072,0.00962125
1357,5.00074,0.00995438
1358,5.00072,0.00960843
1359,5.00073,0.00960869
1360,5.00073,0.00960476
1361,5.00072,0.00960564
1362,5.00074,0.009691
1363,5.00073,0.00986221
1364,5.00071,0.00960972
1365,5.00072,0.00960306
1366,5.00073,0.00961028
1367,5.00071,0.00961
1368,5.00072,0.00995413
1369,5.00072,0.00961973
1370,5.00072,0.00962046
1371,5.00074,0.00962271
1372,5.00073,0.00961957
1373,5.00075,0.00995795
1374,5.00073,0.0096089
1375,5.00072,0.00961224
1376,5.00073,0.00960912
1377,5.00072,0.00961309
1378,5.00071,0.00971925
1379,5.00075,0.00984827
1380,5.00073,0.00962248
1381,5.00073,0.00961553
1382,5.00073,0.00962089
1383,5.00073,0.00962135
1384,5.00074,0.00995368
1385,5.00073,0.00963171
1386,5.00073,0.00962102
1387,5.00073,0.00962544
1388,5.00073,0.00962374
1389,5.00075,0.00986575
1390,5.00071,0.00969455
1391,5.00071,0.00960129
1392,5.00072,0.00960774
1393,5.00072,0.00960657
1394,5.00072,0.00960629
1395,5.00076,0.00995629
1396,5.00071,0.00962491
1397,5.00072,0.00961769
1398,5.00074,0.0096231
1399,5.00074,0.00961335
1400,5.00074,0.00994847
1401,5.00073,0.00962005
1402,5.00072,0.00961861
1403,5.00071,0.00961493
1404,5.00073,0.00962193
1405,5.00074,0.00986668
1406,5.00072,0.00969793
1407,5.00071,0.00960714
1408,5.00072,0.00960641
1409,5.00072,0.0096157
1410,5.00073,0.00961941
1411,5.00074,0.00994506
1412,5.00073,0.00960567
1413,5.00071,0.00960629
1414,5.00071,0.00960888
1415,5.00072,0.00962108
1416,5.00074,0.00980049
1417,5.00074,0.00977263
1418,5.00072,0.00962229
1419,5.00072,0.00961931
1420,5.00073,0.00961999
1421,5.00071,0.00962029
1422,5.00074,0.00995571
1423,5.00072,0.00961419
1424,5.00071,0.0096182
1425,5.00071,0.00961376
1426,5.00074,0.00962232
1427,5.00073,0.00960177
1428,5.00074,0.00995409
1429,5.00073,0.00961918
1430,5.00073,0.00962086
1431,5.00073,0.00962099
1432,5.00073,0.0096189
1433,5.00075,0.00995828
1434,5.00073,0.00960945
1435,5.00073,0.00961059
1436,5.00072,0.00960744
1437,5.00072,0.00962145
1438,5.00073,0.00976177
1439,5.00074,0.00981576
1440,5.00073,0.00961968
1441,5.00073,0.00961928
1442,5.00071,0.00962444
1443,5.00073,0.00962507
1444,5.00074,0.00995555
1445,5.00072,0.0096174
1446,5.00073,0.00961867
1447,5.00073,0.00961968
1448,5.00073,0.00961598
1449,5.00076,0.00994428
1450,5.00072,0.00960838
1451,5.00073,0.00960846
1452,5.00071,0.00961134
1453,5.00072,0.00961748
1454,5.00074,0.00973618
1455,5.00075,0.00984531
1456,5.00073,0.00962
1457,5.00072,0.00962418
1458,5.00073,0.00962162
1459,5.00072,0.00961997
1460,5.00075,0.00987013
1461,5.00072,0.00970899
1462,5.00074,0.00962086
1463,5.00071,0.00962073
1464,5.00072,0.00962314
1465,5.00071,0.00962077
1466,5.00073,0.00961709
1467,5.00071,0.00961838
1468,5.00073,0.00961903
1469,5.00071,0.00961542
1470,5.00071,0.00961753
1471,5.00071,0.00961048
1472,5.00072,0.00961688
1473,5.00074,0.00995055
1474,5.00072,0.00961449
1475,5.00073,0.00961387
1476,5.00072,0.00961742
1477,5.00073,0.00962059
1478,5.00073,0.00971328
1479,5.00072,0.00984988
1480,5.00071,0.00961764
1481,5.00073,0.00962336
1482,5.00074,0.00961956
1483,5.00073,0.0096121
1484,5.00076,0.00994982
1485,5.00071,0.00962457
1486,5.00071,0.00962482
1487,5.00072,0.00962409
1488,5.00072,0.00961794
1489,5.00073,0.00994567
1490,5.00072,0.00962393
1491,5.00072,0.00961973
1492,5.00073,0.00962188
1493,5.00072,0.0096246
1494,5.00073,0.00995111
1495,5.00073,0.0096298
1496,5.00074,0.00962618
1497,5.00074,0.00962235
1498,5.00071,0.00962643
1499,5.00073,0.00986105
1500,5.00072,0.0097016
1501,5.00072,0.00960887
1502,5.00073,0.00961354
1503,5.00073,0.00960847
1504,5.00073,0.00972399
1505,5.00074,0.00982384
1506,5.00074,0.00960477
1507,5.00073,0.00960429
1508,5.00073,0.00961156
1509,5.00074,0.00960729
1510,5.00076,0.00995375
1511,5.00073,0.00962261
1512,5.00073,0.00961803
1513,5.00074,0.00961677
1514,5.00073,0.00962223
1515,5.00074,0.00995645
1516,5.00074,0.00962854
1517,5.00073,0.00962118
1518,5.00071,0.00962437
1519,5.00072,0.00962001
1520,5.00075,0.00995635
1521,5.00072,0.00962001
1522,5.00074,0.00962
1523,5.00072,0.00962174
1524,5.00071,0.00962342
1525,5.00072,0.00961878
1526,5.00075,0.00995123
1527,5.00073,0.00961974
1528,5.00074,0.00962943
1529,5.00073,0.00962905
1530,5.00072,0.00962669
1531,5.00074,0.00995273
1532,5.00072,0.00961334
1533,5.00073,0.00961361
1534,5.00071,0.00961023
1535,5.00072,0.00961322
1536,5.00074,0.00996504
1537,5.00073,0.0096322
1538,5.00073,0.0096241
1539,5.00073,0.00962881
1540,5.00072,0.00963001
1541,5.00076,0.00995758
1542,5.00072,0.00962636
1543,5.00074,0.00962933
1544,5.00071,0.00962279
1545,5.00072,0.00962336
1546,5.00074,0.00995273
1547,5.00073,0.00962087
1548,5.00072,0.0096268
1549,5.00072,0.0096253
1550,5.00072,0.00962409
1551,5.00076,0.00986778
1552,5.00074,0.00970232
1553,5.00072,0.00961116
1554,5.00072,0.00961198
1555,5.00072,0.00960756
1556,5.00073,0.00979545
1557,5.00074,0.00978095
1558,5.00071,0.009629
1559,5.00072,0.00961901
1560,5.00073,0.00962516
1561,5.00073,0.00961694
1562,5.00074,0.00995847
1563,5.00072,0.00961489
1564,5.00071,0.00961138
1565,5.00072,0.00960881
1566,5.00072,0.00961024
1567,5.00075,0.0099468
1568,5.00071,0.0096122
1569,5.00072,0.00960941
1570,5.00073,0.00961242
1571,5.00073,0.00961331
1572,5.00075,0.00994983
1573,5.00074,0.00960587
1574,5.00074,0.00961306
1575,5.00073,0.00960724
1576,5.00073,0.00961495
1577,5.00073,0.00971584
1578,5.00073,0.00984848
1579,5.00072,0.00960844
1580,5.00071,0.00961473
1581,5.00072,0.00961239
1582,5.00072,0.00961319
1583,5.00075,0.00995916
1584,5.00073,0.00962619
1585,5.00073,0.00961972
1586,5.00075,0.00963317
1587,5.00071,0.00962416
1588,5.00075,0.00996532
1589,5.00073,0.0096255
1590,5.00073,0.00962454
1591,5.00072,0.00962418
1592,5.00074,0.00963194
1593,5.00075,0.0099599
1594,5.00073,0.00963078
1595,5.00073,0.00963018
1596,5.00074,0.00963322
1597,5.00072,0.00962992
1598,5.00074,0.0098647
1599,5.00073,0.00972639
1600,5.00073,0.00962716
1601,5.00073,0.00963107
1602,5.00073,0.00961917
1603,5.00073,0.00987498
1604,5.00074,0.00978509
1605,5.0007,0.00961582
1606,5.00071,0.00960828
1607,5.00072,0.00960968
1608,5.00071,0.00961824
1609,5.00073,0.00995276
1610,5.00073,0.00962746
1611,5.00071,0.00962279
1612,5.00073,0.00962867
1613,5.00073,0.00962036
1614,5.00075,0.00995312
1615,5.00073,0.0096235
1616,5.00074,0.00962086
1617,5.00073,0.00962978
1618,5.00072,0.00962135
1619,5.00074,0.00995067
1620,5.00071,0.00961212
1621,5.00071,0.00961145
1622,5.00072,0.00961489
1623,5.00072,0.00961572
1624,5.00073,0.00996543
1625,5.00072,0.00963568
1626,5.00072,0.00963092
1627,5.00072,0.00962298
1628,5.00073,0.00962789
1629,5.00074,0.00995109
1630,5.00073,0.00962322
1631,5.00071,0.009622
1632,5.00072,0.00962832
1633,5.00075,0.0096242
1634,5.00075,0.0098692
1635,5.00073,0.00971518
1636,5.00073,0.00962859
1637,5.00073,0.00962663
1638,5.00074,0.00962463
1639,5.00073,0.00982033
1640,5.00073,0.00975979
1641,5.00073,0.00962351
1642,5.00073,0.00962528
1643,5.00072,0.00962963
1644,5.00074,0.00963167
1645,5.00075,0.0099561
1646,5.00071,0.00962586
1647,5.00072,0.00962656
1648,5.00074,0.00962643
1649,5.00072,0.00962206
1650,5.00073,0.00996424
1651,5.00073,0.00962296
1652,5.00074,0.00963437
1653,5.00073,0.00962151
1654,5.00073,0.00962496
1655,5.00075,0.00994685
1656,5.00073,0.0096131
1657,5.00072,0.00960783
1658,5.00074,0.00961559
1659,5.00072,0.00960597
1660,5.00074,0.00961593
1661,5.00075,0.00995291
1662,5.00073,0.0096239
1663,5.00072,0.00962192
1664,5.00073,0.00962491
1665,5.00074,0.009625
1666,5.00074,0.00995474
1667,5.00072,0.00961826
1668,5.00072,0.00962012
1669,5.00072,0.00962
1670,5.00072,0.00962035
1671,5.00076,0.00995297
1672,5.00073,0.00962073
1673,5.00073,0.00962268
1674,5.00073,0.00962692
1675,5.00072,0.0096207
1676,5.00073,0.00995122
1677,5.00072,0.00961074
1678,5.00072,0.00960494
1679,5.00071,0.0096104
1680,5.00071,0.00961271
1681,5.00072,0.00994564
1682,5.00073,0.00961195
1683,5.00074,0.00960905
1684,5.00073,0.0096123
1685,5.00071,0.0096066
1686,5.00075,0.00995423
1687,5.00072,0.00962499
1688,5.00072,0.00962759
1689,5.00072,0.00962365
1690,5.00072,0.00962074
1691,5.00074,0.0099591
1692,5.00072,0.00962931
1693,5.00073,0.00963119
1694,5.00074,0.00962427
1695,5.00073,0.00963106
1696,5.00074,0.00995428
1697,5.0007,0.00962713
1698,5.00073,0.0096208
1699,5.00072,0.00962086
1700,5.00073,0.00962906
1701,5.00074,0.0099467
1702,5.00072,0.00960415
1703,5.00072,0.00960604
1704,5.00073,0.00961214
1705,5.00075,0.00961316
1706,5.00075,0.00995477
1707,5.00073,0.00960945
1708,5.00072,0.00962618
1709,5.00071,0.00963229
1710,5.00072,0.00962717
1711,5.00074,0.0099563
1712,5.00072,0.00962883
1713,5.00071,0.00962464
1714,5.00073,0.00962574
1715,5.00073,0.00962518
1716,5.00075,0.00995934
1717,5.00073,0.00962495
1718,5.00074,0.00961881
1719,5.00074,0.00961853
1720,5.00073,0.00963032
1721,5.00075,0.00996123
1722,5.00072,0.0096288
1723,5.00074,0.00962865
1724,5.00073,0.00962702
1725,5.00073,0.00963046
1726,5.00073,0.00982643
1727,5.00075,0.00976164
1728,5.00074,0.00963143
1729,5.00073,0.0096276
1730,5.00073,0.00963076
1731,5.00073,0.00985868
1732,5.00073,0.00971807
1733,5.00072,0.00962743
1734,5.00074,0.00962837
1735,5.00071,0.00962732
1736,5.00074,0.00994896
1737,5.00073,0.0096131
1738,5.00073,0.00961116
1739,5.00073,0.0096142
1740,5.00074,0.00962428
1741,5.00074,0.00984279
1742,5.00072,0.00974036
1743,5.00074,0.00962255
1744,5.00073,0.00963186
1745,5.00073,0.00962507
1746,5.00074,0.0097932
1747,5.00073,0.00979972
1748,5.00072,0.00962615
1749,5.0007,0.00962252
1750,5.00071,0.0096211
1751,5.00073,0.00962724
1752,5.00074,0.00995168
1753,5.00072,0.00962464
1754,5.00072,0.00962854
1755,5.00075,0.00962399
1756,5.00072,0.00964068
1757,5.00074,0.00993279
1758,5.00073,0.00963563
1759,5.00073,0.00962434
1760,5.00074,0.00962477
1761,5.00074,0.00972808
1762,5.00075,0.00985464
1763,5.00074,0.00962935
1764,5.00074,0.00963102
1765,5.00071,0.00962275
1766,5.00074,0.00986494
1767,5.00073,0.00970761
1768,5.00073,0.00961773
1769,5.00072,0.00961289
1770,5.00072,0.00961349
1771,5.00073,0.00986683
1772,5.00074,0.0097067
1773,5.00073,0.00961202
1774,5.00072,0.00961434
1775,5.00074,0.00961164
1776,5.00072,0.00961618
1777,5.00076,0.00994528
1778,5.00072,0.00961431
1779,5.00073,0.00961313
1780,5.00073,0.00961815
1781,5.00073,0.00962253
1782,5.00074,0.00995471
1783,5.00072,0.00962433
1784,5.00074,0.00962396
1785,5.00072,0.00962529
1786,5.00073,0.00966831
1787,5.00075,0.00992321
1788,5.00073,0.00962484
1789,5.00072,0.00962834
1790,5.00073,0.00962634
1791,5.00072,0.00963172
1792,5.00074,0.00995589
1793,5.00073,0.0096348
1794,5.00074,0.00963016
1795,5.00075,0.009629
1796,5.00073,0.00974706
1797,5.00074,0.00983675
1798,5.00072,0.00961281
1799,5.00072,0.00961072
1800,5.00073,0.00961319
1801,5.00073,0.00977121
1802,5.00074,0.00980954
1803,5.00071,0.00960473
1804,5.00073,0.0096103
1805,5.00073,0.00961092
1806,5.00072,0.00960998
1807,5.00075,0.00995925
1808,5.00073,0.00961339
1809,5.00074,0.00961349
1810,5.00073,0.00961639
1811,5.00073,0.00963372
1812,5.00073,0.0099274
1813,5.00072,0.00961653
1814,5.00072,0.00961959
1815,5.00072,0.00961507
1816,5.00072,0.00972803
1817,5.00073,0.00984236
1818,5.00071,0.00962392
1819,5.00073,0.00962399
1820,5.00072,0.00962447
1821,5.00073,0.00983286
1822,5.00073,0.0097507
1823,5.00075,0.00962293
1824,5.00072,0.00962441
1825,5.00073,0.00961932
1826,5.00074,0.00962848
1827,5.00075,0.00995393
1828,5.00073,0.00962011
1829,5.00072,0.00961939
1830,5.00074,0.00962606
1831,5.00072,0.00962272
1832,5.00075,0.00982083
1833,5.00074,0.00977103
1834,5.00072,0.0096139
1835,5.00072,0.00960883
1836,5.00073,0.00961038
1837,5.00074,0.00960951
1838,5.00076,0.00995378
1839,5.00073,0.00962013
1840,5.00073,0.00962414
1841,5.00072,0.00961726
1842,5.00072,0.00962501
1843,5.00072,0.00962333
1844,5.00074,0.00995417
1845,5.00073,0.00961134
1846,5.00073,0.00961593
1847,5.00074,0.00961806
1848,5.00073,0.00961556
1849,5.00075,0.00995438
1850,5.00072,0.00962511
1851,5.00073,0.00962742
1852,5.00073,0.0096296
1853,5.00073,0.00962782
1854,5.00074,0.00995491
1855,5.00072,0.00962234
1856,5.00073,0.0096244
1857,5.00071,0.00962125
1858,5.00073,0.00962698
1859,5.00073,0.00962916
1860,5.00075,0.00994702
1861,5.00072,0.00960851
1862,5.00073,0.00962368
1863,5.00072,0.00960844
1864,5.00071,0.00960923
1865,5.00074,0.00994929
1866,5.00072,0.00962882
1867,5.00073,0.00962958
1868,5.00074,0.00962412
1869,5.00074,0.00962601
1870,5.00073,0.00966514
1871,5.00072,0.00991158
1872,5.00073,0.00962324
1873,5.00071,0.00961627
1874,5.00071,0.00960767
1875,5.0007,0.00960855
1876,5.00075,0.00994648
1877,5.00073,0.00960886
1878,5.00074,0.00962155
1879,5.00073,0.00962358
1880,5.00073,0.00962448
1881,5.00076,0.00995166
1882,5.00072,0.0096153
1883,5.00073,0.0096145
1884,5.00072,0.00961324
1885,5.00071,0.00961076
1886,5.00073,0.00970938
1887,5.00072,0.00985883
1888,5.00073,0.00961917
1889,5.00072,0.00962169
1890,5.00073,0.00962575
1891,5.00073,0.00969879
1892,5.00072,0.00995413
1893,5.00072,0.0096113
1894,5.00072,0.00960813
1895,5.00073,0.00962288
1896,5.00073,0.00962916
1897,5.00075,0.00995822
1898,5.00073,0.00961442
1899,5.00073,0.00961145
1900,5.00073,0.00960966
1901,5.00072,0.00961121
1902,5.00072,0.00959629
1903,5.00074,0.00995848
1904,5.00074,0.00961541
1905,5.00073,0.00960605
1906,5.00073,0.00961169
1907,5.00072,0.00961216
1908,5.00075,0.00995029
1909,5.00072,0.00961254
1910,5.00073,0.00961244
1911,5.00072,0.00961009
1912,5.00072,0.00960914
1913,5.00072,0.009858
1914,5.00073,0.0097121
1915,5.00075,0.00962137
1916,5.00073,0.00961986
1917,5.00072,0.00962324
1918,5.00072,0.00962186
1919,5.00074,0.00994776
1920,5.00072,0.00960668
1921,5.00071,0.00960695
1922,5.00072,0.0096116
1923,5.00072,0.00961047
1924,5.00073,0.00994717
1925,5.00072,0.00962183
1926,5.00073,0.00962581
1927,5.00073,0.00961953
1928,5.00073,0.00962856
1929,5.00074,0.00961488
1930,5.00073,0.00996313
1931,5.00074,0.00962033
1932,5.00073,0.00962589
1933,5.00074,0.00961901
1934,5.00073,0.00962609
1935,5.00074,0.00994813
1936,5.00074,0.00960817
1937,5.00074,0.00960507
1938,5.00072,0.00961121
1939,5.00073,0.00961402
1940,5.00073,0.00984757
1941,5.00073,0.00971189
1942,5.00073,0.00962784
1943,5.00072,0.00962246
1944,5.00073,0.00962371
1945,5.00072,0.00962368
1946,5.00075,0.0099609
1947,5.00072,0.00962154
1948,5.00074,0.00962747
1949,5.00075,0.00962385
1950,5.00072,0.00962766
1951,5.00074,0.00986599
1952,5.00073,0.00971385
1953,5.00071,0.00962457
1954,5.00072,0.00962147
1955,5.00074,0.00962651
1956,5.00073,0.00962817
1957,5.00076,0.00994363
1958,5.00072,0.00960928
1959,5.00073,0.00960865
1960,5.00071,0.00961432
1961,5.00071,0.00961044
1962,5.00072,0.00994795
1963,5.00073,0.00961136
1964,5.00073,0.00960891
1965,5.00073,0.0096083
1966,5.00072,0.00961154
1967,5.00072,0.00965452
1968,5.00074,0.00991695
1969,5.00072,0.0096174
1970,5.00071,0.00961073
1971,5.00072,0.0096098
1972,5.00072,0.0096159
1973,5.00074,0.00994699
1974,5.00074,0.00961949
1975,5.00072,0.00961017
1976,5.00072,0.00961498
1977,5.00073,0.00961307
1978,5.00072,0.00961793
1979,5.00074,0.00995402
1980,5.00071,0.00961085
1981,5.00072,0.00960823
1982,5.00072,0.0096156
1983,5.00073,0.00960546
1984,5.00074,0.0098848
1985,5.00074,0.00969427
1986,5.00073,0.00962493
1987,5.00072,0.00962279
1988,5.00072,0.00962786
1989,5.00073,0.00962819
1990,5.00074,0.00994465
1991,5.00073,0.00961427
1992,5.00073,0.00961488
1993,5.00071,0.00961062
1994,5.00072,0.00961731
1995,5.00075,0.00995519
1996,5.00073,0.00962966
1997,5.00073,0.00963068
1998,5.00074,0.00962924
1999,5.00072,0.00962626
2000,5.00073,0.00987615
2001,5.00073,0.00970553
2002,5.00074,0.00961745
2003,5.00074,0.00960979
2004,5.00072,0.0096097
2005,5.00073,0.00961088
2006,5.00075,0.00995579
2007,5.00073,0.00962107
2008,5.00073,0.00962643
2009,5.00072,0.00962947
2010,5.00073,0.00962355
2011,5.00074,0.00962027
2012,5.00074,0.00994755
2013,5.00074,0.00961183
2014,5.00073,0.00961116
2015,5.00073,0.00960607
2016,5.00073,0.0096149
2017,5.00074,0.0099618
2018,5.00074,0.00961783
2019,5.00073,0.00961384
2020,5.00073,0.00961451
2021,5.00075,0.00961238
2022,5.00073,0.0096131
2023,5.00075,0.00995343
2024,5.00072,0.00961426
2025,5.00073,0.00962119
2026,5.00072,0.00961752
2027,5.00073,0.00961489
2028,5.00075,0.00995373
2029,5.00072,0.00962916
2030,5.00074,0.00963109
2031,5.00074,0.0096259
2032,5.00073,0.00962315
2033,5.00072,0.00963134
2034,5.00073,0.00994939
2035,5.00074,0.00961044
2036,5.00072,0.0096162
2037,5.00074,0.0096136
2038,5.00072,0.00961335
2039,5.00074,0.00994712
2040,5.00072,0.00962363
2041,5.00075,0.00962337
2042,5.00072,0.00962359
2043,5.00073,0.00962557
2044,5.00077,0.010043
2045,5.00072,0.00962146
2046,5.00072,0.00962642
2047,5.00075,0.00961035
2048,5.00073,0.0096131
2049,5.00074,0.00961496
2050,5.00076,0.0099551
2051,5.00073,0.00961699
2052,5.00072,0.00961644
2053,5.00072,0.00961404
2054,5.00073,0.00961062
2055,5.00075,0.00994818
2056,5.00073,0.00963538
2057,5.00073,0.00961198
2058,5.00072,0.00961149
2059,5.00071,0.00960478
2060,5.00073,0.00960451
2061,5.00074,0.00996174
2062,5.00071,0.00962206
2063,5.00073,0.00962272
2064,5.00073,0.00962812
2065,5.00073,0.00962426
2066,5.00075,0.00996158
2067,5.00073,0.00962273
2068,5.00072,0.00963196
2069,5.00073,0.00962671
2070,5.00074,0.00962918
2071,5.00074,0.00960361
2072,5.00076,0.00996985
2073,5.00073,0.00962539
2074,5.00074,0.00962829
2075,5.00073,0.00962295
2076,5.00073,0.00962304
2077,5.00075,0.00995607
2078,5.00072,0.00962277
2079,5.00074,0.00961879
2080,5.00072,0.00962723
2081,5.00071,0.00962153
2082,5.00074,0.00991503
2083,5.00073,0.00967751
2084,5.00073,0.00962638
2085,5.00074,0.00962663
2086,5.00073,0.00962291
2087,5.00071,0.00962411
2088,5.00075,0.00996071
2089,5.00074,0.00962733
2090,5.00072,0.00962559
2091,5.00073,0.00962909
2092,5.00073,0.00962804
2093,5.00074,0.0096408
2094,5.00074,0.00994901
2095,5.00073,0.00963189
2096,5.00073,0.00963034
2097,5.00072,0.00962832
2098,5.00073,0.00962683
2099,5.00075,0.00995385
2100,5.00073,0.00962527
2101,5.00073,0.00962489
2102,5.00073,0.00962504
2103,5.00074,0.00962922
2104,5.00074,0.00978456
2105,5.00074,0.00979186
2106,5.00074,0.00962325
2107,5.00072,0.00962442
2108,5.00075,0.00962925
2109,5.00073,0.00961733
2110,5.00075,0.0099513
2111,5.00074,0.00962256
2112,5.00074,0.00962645
2113,5.00073,0.00962588
2114,5.00076,0.00963515
2115,5.00075,0.00995303
2116,5.00073,0.00962504
2117,5.00072,0.00961087
2118,5.00073,0.00961595
2119,5.00072,0.00961236
2120,5.00074,0.00961676
2121,5.00076,0.00995972
2122,5.00072,0.00961058
2123,5.00071,0.00961439
2124,5.00072,0.00961509
2125,5.00072,0.0096039
2126,5.00073,0.00995015
2127,5.00071,0.00961292
2128,5.00072,0.00961337
2129,5.00071,0.00960875
2130,5.00072,0.0096177
2131,5.0007,0.00961081
2132,5.00074,0.00994576
2133,5.00072,0.0096147
2134,5.00073,0.00961582
2135,5.00073,0.00961242
2136,5.00073,0.00961622
2137,5.00074,0.00995529
2138,5.00073,0.00962943
2139,5.00073,0.00962929
2140,5.00074,0.00962803
2141,5.00074,0.009617
2142,5.00074,0.0096267
2143,5.00075,0.00995715
2144,5.00074,0.0096256
2145,5.00071,0.00962895
2146,5.00073,0.00962343
2147,5.00073,0.00962539
2148,5.00075,0.00963
2149,5.00076,0.00995868
2150,5.00073,0.00962865
2151,5.00075,0.00962847
2152,5.00073,0.00962687
2153,5.00071,0.00962403
2154,5.00075,0.00995984
2155,5.00072,0.0096256
2156,5.00072,0.00962281
2157,5.00073,0.0096266
2158,5.00074,0.00962947
2159,5.00074,0.00988163
2160,5.00073,0.00971242
2161,5.00072,0.0096304
2162,5.00073,0.00962663
2163,5.00072,0.0096259
2164,5.00071,0.00962591
2165,5.00075,0.00995784
2166,5.00072,0.00961004
2167,5.00073,0.00960402
2168,5.00072,0.00961164
2169,5.00072,0.00960477
2170,5.00074,0.00962308
2171,5.00073,0.00993585
2172,5.00072,0.009615
2173,5.00072,0.0096189
2174,5.00073,0.00962263
2175,5.00073,0.00962077
2176,5.00075,0.00994848
2177,5.0007,0.00961331
2178,5.00074,0.00961073
2179,5.00071,0.00960949
2180,5.00072,0.00961549
2181,5.00074,0.00994392
2182,5.00072,0.0096105
2183,5.00071,0.00961395
2184,5.00075,0.00961816
2185,5.00072,0.00961095
2186,5.00075,0.00995666
2187,5.00071,0.00960882
2188,5.00073,0.0096111
2189,5.00071,0.00960934
2190,5.00072,0.00961324
2191,5.00072,0.00995504
2192,5.00073,0.00962323
2193,5.00074,0.00962393
2194,5.00071,0.00962416
2195,5.00073,0.00961944
2196,5.00072,0.00963479
2197,5.00075,0.00993718
2198,5.00073,0.00960518
2199,5.00072,0.00960973
2200,5.00072,0.00960796
2201,5.00071,0.00961862
2202,5.00073,0.00994413
2203,5.00073,0.00960878
2204,5.00072,0.0096087
2205,5.00073,0.00961178
2206,5.00072,0.00960821
2207,5.00075,0.00995415
2208,5.00072,0.00960732
2209,5.00073,0.00961101
2210,5.00074,0.00961075
2211,5.00073,0.0096102
2212,5.00073,0.00994629
2213,5.00073,0.00960802
2214,5.00073,0.00961509
2215,5.00072,0.00961082
2216,5.0007,0.00961117
2217,5.00074,0.0099462
2218,5.00072,0.00960841
2219,5.00072,0.00960447
2220,5.00073,0.00960743
2221,5.00073,0.00960511
2222,5.00074,0.00995494
2223,5.00073,0.00961848
2224,5.00073,0.00962039
2225,5.00074,0.00962316
2226,5.00072,0.00962469
2227,5.00075,0.00995483
2228,5.00073,0.00962002
2229,5.00073,0.00961484
2230,5.00073,0.00962081
2231,5.00074,0.00962175
2232,5.00075,0.00993853
2233,5.00073,0.00963197
2234,5.00072,0.00960751
2235,5.00072,0.00960725
2236,5.00073,0.00961218
2237,5.00073,0.00985852
2238,5.00072,0.00971833
2239,5.00074,0.00962101
2240,5.00072,0.00962387
2241,5.00073,0.00962775
2242,5.00073,0.00972661
2243,5.00074,0.00986076
2244,5.00073,0.00962039
2245,5.00074,0.00962111
2246,5.00073,0.0096191
2247,5.00073,0.0096509
2248,5.00074,0.00991981
2249,5.00072,0.00961156
2250,5.00071,0.00961183
2251,5.00073,0.00960515
2252,5.00072,0.00960946
2253,5.00074,0.00994132
2254,5.00071,0.00961204
2255,5.00072,0.00960983
2256,5.00074,0.00961042
2257,5.00072,0.00961055
2258,5.00075,0.00994743
2259,5.00073,0.00961203
2260,5.00072,0.00961083
2261,5.00072,0.00960969
2262,5.00073,0.00961407
2263,5.00075,0.00994984
2264,5.00074,0.0096309
2265,5.00073,0.00962937
2266,5.00074,0.0096253
2267,5.00072,0.0096182
2268,5.00076,0.00994763
2269,5.00073,0.00960056
2270,5.00074,0.00961339
2271,5.00073,0.00961127
2272,5.00072,0.00961108
2273,5.00072,0.00994285
2274,5.00072,0.00961272
2275,5.00074,0.00960966
2276,5.00072,0.00960686
2277,5.00075,0.00960891
2278,5.00073,0.00974983
2279,5.00076,0.00982124
2280,5.00072,0.00962442
2281,5.00075,0.00962181
2282,5.00073,0.00961954
2283,5.00073,0.00965865
2284,5.00074,0.00992081
2285,5.00073,0.00961798
2286,5.00071,0.00960819
2287,5.00073,0.00961123
2288,5.00074,0.00961238
2289,5.00075,0.0099501
2290,5.00072,0.00962857
2291,5.00073,0.00962208
2292,5.00072,0.00961956
2293,5.00072,0.00961906
2294,5.00074,0.00996074
2295,5.00073,0.00962116
2296,5.00073,0.00961915
2297,5.00073,0.0096243
2298,5.00073,0.0096244
2299,5.00077,0.00995695
2300,5.00073,0.00961301
2301,5.00071,0.00961582
2302,5.00072,0.00961869
2303,5.00072,0.00962434
2304,5.00075,0.00986076
2305,5.00073,0.00971236
2306,5.00072,0.00962553
2307,5.00072,0.00962459
2308,5.00072,0.0096285
2309,5.00075,0.00987328
2310,5.00074,0.00970201
2311,5.00073,0.00961278
2312,5.00072,0.00961182
2313,5.00073,0.00961435
2314,5.00073,0.00961095
2315,5.00076,0.00995148
2316,5.00074,0.00962784
2317,5.00073,0.00961904
2318,5.00074,0.00962789
2319,5.00072,0.00962188
2320,5.00075,0.00995475
2321,5.00071,0.00961426
2322,5.00071,0.00961205
2323,5.00074,0.00961557
2324,5.00073,0.00961589
2325,5.00074,0.00985608
2326,5.00072,0.00970758
2327,5.00074,0.00960802
2328,5.00073,0.00961801
2329,5.00073,0.00961707
2330,5.00074,0.00986239
2331,5.00073,0.00970338
2332,5.00072,0.00961359
2333,5.00073,0.00961929
2334,5.00073,0.00962966
2335,5.00073,0.00983023
2336,5.00073,0.00977159
2337,5.00073,0.00963038
2338,5.00071,0.00963159
2339,5.00073,0.0096267
2340,5.00072,0.00962804
2341,5.00075,0.00995976
2342,5.00073,0.00962689
2343,5.00073,0.00962052
2344,5.00073,0.00962496
2345,5.00072,0.00962553
2346,5.00072,0.00995523
2347,5.00074,0.0096241
2348,5.00072,0.00962313
2349,5.00071,0.00962222
2350,5.00073,0.00962782
2351,5.00074,0.00994609
2352,5.00073,0.00961425
2353,5.00073,0.00960972
2354,5.00073,0.00961045
2355,5.00073,0.00960824
2356,5.00075,0.00995114
2357,5.00073,0.00969606
2358,5.00072,0.00960995
2359,5.00072,0.00962925
2360,5.00076,0.00962717
2361,5.00075,0.00996149
2362,5.00073,0.00961845
2363,5.00074,0.00961174
2364,5.00072,0.00961396
2365,5.00073,0.00961669
2366,5.00074,0.00984825
2367,5.00073,0.00972171
2368,5.00073,0.00962469
2369,5.00073,0.00961876
2370,5.00074,0.00962559
2371,5.00075,0.00986746
2372,5.00074,0.0097122
2373,5.00072,0.00961952
2374,5.00074,0.0096227
2375,5.00072,0.00961835
2376,5.00074,0.00986874
2377,5.00074,0.00971044
2378,5.00072,0.00962768
2379,5.00073,0.00962457
2380,5.00074,0.00962509
2381,5.00074,0.00986638
2382,5.00073,0.0097137
2383,5.00072,0.00962036
2384,5.00072,0.00961854
2385,5.00073,0.00962309
2386,5.00074,0.00986304
2387,5.00073,0.00969629
2388,5.00073,0.00961059
2389,5.00071,0.00960179
2390,5.00074,0.00960729
2391,5.00073,0.00977479
2392,5.00074,0.00977813
2393,5.00071,0.009605
2394,5.00072,0.00960394
2395,5.00072,0.00960933
2396,5.00072,0.00973802
2397,5.00074,0.00982045
2398,5.00073,0.00962813
2399,5.00072,0.00961849
2400,5.00073,0.00962562
2401,5.00073,0.00984943
2402,5.00073,0.00971968
2403,5.00073,0.00961081
2404,5.00073,0.00960559
2405,5.00072,0.00960838
2406,5.00074,0.00986086
2407,5.00072,0.00972159
2408,5.00073,0.00962485
2409,5.00071,0.00962196
2410,5.00072,0.0096199
2411,5.00074,0.00987107
2412,5.00073,0.00972278
2413,5.00071,0.00961812
2414,5.00072,0.00961997
2415,5.00073,0.00962206
2416,5.00074,0.00995287
2417,5.00074,0.00961872
2418,5.00072,0.00961047
2419,5.00072,0.00961294
2420,5.00074,0.00962478
2421,5.00075,0.00995765
2422,5.00072,0.00962725
2423,5.00072,0.00961802
2424,5.00073,0.00962416
2425,5.00073,0.00961723
2426,5.00074,0.00994929
2427,5.00073,0.00962547
2428,5.00073,0.0096241
2429,5.00073,0.0096281
2430,5.00074,0.00962473
2431,5.00074,0.00986776
2432,5.00074,0.00971435
2433,5.00074,0.00962252
2434,5.00074,0.00962269
2435,5.00073,0.00962056
2436,5.00076,0.00986466
2437,5.00073,0.00970744
2438,5.00073,0.00961215
2439,5.00073,0.00960712
2440,5.00074,0.00961866
2441,5.00074,0.00994326
2442,5.00074,0.00962682
2443,5.00074,0.00962164
2444,5.00073,0.00962257
2445,5.00072,0.00962762
2446,5.00074,0.00996118
2447,5.00073,0.00962388
2448,5.00072,0.0096255
2449,5.00074,0.00962062
2450,5.00073,0.00962553
2451,5.00075,0.00995693
2452,5.00074,0.00962462
2453,5.00072,0.00962239
2454,5.00072,0.00961157
2455,5.00072,0.00961394
2456,5.00073,0.00995311
2457,5.00074,0.00961739
2458,5.00073,0.0096123
2459,5.00073,0.00961485
2460,5.00074,0.00960964
2461,5.00076,0.00995007
2462,5.00072,0.00962203
2463,5.00073,0.00961889
2464,5.00073,0.00962031
2465,5.00073,0.00962293
2466,5.00074,0.00995411
2467,5.00071,0.00960813
2468,5.00071,0.00960574
2469,5.00073,0.0095969
2470,5.00072,0.00960204
2471,5.00075,0.00995148
2472,5.00072,0.00962149
2473,5.00074,0.00961697
2474,5.00071,0.00961967
2475,5.00073,0.00962516
2476,5.00074,0.00995492
2477,5.00073,0.00962219
2478,5.00074,0.00961952
2479,5.0007,0.00961782
2480,5.00072,0.00961734
2481,5.00074,0.00994442
2482,5.00072,0.00960629
2483,5.00073,0.00960453
2484,5.0007,0.00960286
2485,5.00071,0.00960262
2486,5.00073,0.00994922
2487,5.00072,0.0096165
2488,5.00072,0.0096197
2489,5.00073,0.0096145
2490,5.00071,0.00961638
2491,5.00075,0.00994675
2492,5.00071,0.0096041
2493,5.00073,0.00960026
2494,5.00072,0.00960753
2495,5.00072,0.00960662
2496,5.00073,0.00994576
2497,5.00071,0.00960799
2498,5.00072,0.00961197
2499,5.00073,0.00960687
2500,5.00073,0.00960731
2501,5.00075,0.00994316
2502,5.00074,0.00962295
2503,5.00072,0.00962094
2504,5.00073,0.00962235
2505,5.00073,0.00961855
2506,5.00074,0.00995189
2507,5.00072,0.00960666
2508,5.00072,0.00960957
2509,5.00071,0.00961213
2510,5.00073,0.00961648
2511,5.00076,0.00995113
2512,5.00072,0.00962287
2513,5.00074,0.00962019
2514,5.00073,0.0096235
2515,5.00073,0.0096253
2516,5.00074,0.00986995
2517,5.00074,0.00970373
2518,5.00073,0.00962552
2519,5.00072,0.00961862
2520,5.00072,0.00962866
2521,5.00074,0.00962342
2522,5.00075,0.00995553
2523,5.00073,0.0096075
2524,5.00072,0.00961349
2525,5.00073,0.00960648
2526,5.00073,0.00961157
2527,5.00075,0.00994305
2528,5.00071,0.00961038
2529,5.00073,0.00961013
2530,5.00073,0.00961262
2531,5.00073,0.00960783
2532,5.00073,0.00977293
2533,5.00074,0.00979102
2534,5.00073,0.0096111
2535,5.00073,0.00961278
2536,5.00072,0.00960551
2537,5.00072,0.00960856
2538,5.00073,0.00994409
2539,5.00073,0.0096105
2540,5.00072,0.0096085
2541,5.00074,0.00960548
2542,5.00073,0.00960674
2543,5.00075,0.00995323
2544,5.00073,0.00961919
2545,5.00072,0.00962177
2546,5.00073,0.009623
2547,5.00074,0.0096219
2548,5.00071,0.00961901
2549,5.00073,0.00994251
2550,5.00071,0.00960796
2551,5.00072,0.00960403
2552,5.0007,0.00960935
2553,5.00071,0.0096008
2554,5.00073,0.00987165
2555,5.00074,0.00969819
2556,5.00073,0.0096197
2557,5.00073,0.00962152
2558,5.00072,0.00962442
2559,5.00072,0.00962574
2560,5.00074,0.00995675
2561,5.00073,0.00960941
2562,5.00072,0.00961488
2563,5.00072,0.00960594
2564,5.00071,0.00960497
2565,5.00074,0.00995217
2566,5.00072,0.00962308
2567,5.00072,0.00962237
2568,5.00072,0.00962009
2569,5.00073,0.0096187
2570,5.00072,0.00962061
2571,5.00073,0.0100315
2572,5.00074,0.00961143
2573,5.00071,0.0096074
2574,5.00071,0.00961127
2575,5.00072,0.00962235
2576,5.00076,0.00995428
2577,5.00072,0.00962516
2578,5.00073,0.009622
2579,5.00073,0.00961952
2580,5.00073,0.00961874
2581,5.00073,0.0096188
2582,5.00074,0.00995857
2583,5.00073,0.00962537
2584,5.00072,0.00962638
2585,5.00073,0.00962558
2586,5.00073,0.00962939
2587,5.00071,0.00962279
2588,5.00075,0.00995071
2589,5.00072,0.00961843
2590,5.00073,0.00962213
2591,5.00071,0.00961841
2592,5.00073,0.0096246
2593,5.00075,0.00994897
2594,5.00072,0.00962424
2595,5.00073,0.00960906
2596,5.00072,0.00960677
2597,5.00073,0.00960603
2598,5.00074,0.00982256
2599,5.00074,0.00974601
2600,5.00073,0.00962199
2601,5.00074,0.0096194
2602,5.00074,0.009629
2603,5.00071,0.00962738
2604,5.00074,0.00995836
2605,5.00073,0.00962022
2606,5.00072,0.00961834
2607,5.00072,0.00961786
2608,5.00073,0.00962349
2609,5.00072,0.00967197
2610,5.00074,0.00989451
2611,5.00072,0.00962077
2612,5.00075,0.00962634
2613,5.00072,0.00961793
2614,5.00072,0.00961926
2615,5.00075,0.009949
2616,5.00072,0.00960755
2617,5.00073,0.00961987
2618,5.00073,0.00962284
2619,5.00073,0.00962346
2620,5.00075,0.00986594
2621,5.00072,0.00970282
2622,5.00075,0.00961057
2623,5.0007,0.00960755
2624,5.00072,0.00960501
2625,5.00073,0.00960297
2626,5.00075,0.00993988
2627,5.00071,0.0096056
2628,5.00071,0.0096065
2629,5.00073,0.00960527
2630,5.00072,0.00960422
2631,5.00073,0.00984846
2632,5.00074,0.00971095
2633,5.00073,0.00961975
2634,5.00072,0.0096233
2635,5.00072,0.00962521
2636,5.00074,0.00961915
2637,5.00075,0.00995237
2638,5.00073,0.00961641
2639,5.00072,0.00960949
2640,5.00073,0.00960384
2641,5.00074,0.00961183
2642,5.00075,0.00961828
2643,5.00074,0.0099492
2644,5.00073,0.0096038
2645,5.00072,0.00960728
2646,5.00073,0.00960802
2647,5.00074,0.00961033
2648,5.00075,0.00984544
2649,5.00073,0.00972132
2650,5.00074,0.00962004
2651,5.00073,0.00962339
2652,5.00072,0.00961783
2653,5.00073,0.0096166
2654,5.00073,0.00994492
2655,5.00074,0.00962341
2656,5.00075,0.00962192
2657,5.00073,0.00961846
2658,5.00072,0.00962269
2659,5.00075,0.00962364
2660,5.00074,0.00994934
2661,5.00072,0.00961511
2662,5.00073,0.00960779
2663,5.00071,0.00960841
2664,5.00073,0.00961122
2665,5.00076,0.00994613
2666,5.00072,0.00960603
2667,5.00072,0.00960141
2668,5.00073,0.00960897
2669,5.00072,0.00961251
2670,5.00074,0.00995125
2671,5.00073,0.009605
2672,5.00073,0.00960772
2673,5.00072,0.00960398
2674,5.00073,0.00960914
2675,5.00072,0.00960517
2676,5.00076,0.0099527
2677,5.00071,0.00961749
2678,5.00073,0.00961993
2679,5.00071,0.009612
2680,5.00071,0.00962361
2681,5.00074,0.00994178
2682,5.00072,0.00960424
2683,5.00072,0.00960413
2684,5.00073,0.00960344
2685,5.00071,0.00960498
2686,5.00072,0.00960738
2687,5.00074,0.00994087
2688,5.00072,0.00962183
2689,5.00071,0.0096187
2690,5.00072,0.00961898
2691,5.00072,0.00961773
2692,5.00076,0.00989284
2693,5.00073,0.00967723
2694,5.00073,0.00962041
2695,5.00072,0.00961634
2696,5.00073,0.0096224
2697,5.00074,0.00961987
2698,5.00073,0.00994799
2699,5.00074,0.00960062
2700,5.00072,0.00961224
2701,5.00073,0.00960807
2702,5.00073,0.00960897
2703,5.00074,0.00995398
2704,5.00071,0.00961793
2705,5.00073,0.00961644
2706,5.00072,0.00962576
2707,5.00073,0.00962425
2708,5.00074,0.00962207
2709,5.00073,0.0099509
2710,5.00072,0.00961005
2711,5.00072,0.00961338
2712,5.00073,0.00960738
2713,5.00073,0.00960244
2714,5.00074,0.0099411
2715,5.00073,0.00961043
2716,5.00072,0.00960909
2717,5.00073,0.00960933
2718,5.00071,0.00960533
2719,5.00075,0.00995302
2720,5.00075,0.0096227
2721,5.00072,0.00962346
2722,5.00071,0.00961407
2723,5.00072,0.00962038
2724,5.00072,0.00962387
2725,5.00075,0.00994839
2726,5.00072,0.00961281
2727,5.00073,0.00962518
2728,5.00073,0.0096344
2729,5.00072,0.00962069
2730,5.00073,0.00987672
2731,5.00073,0.00970522
2732,5.00072,0.00962086
2733,5.00074,0.00962421
2734,5.00074,0.00961733
2735,5.00074,0.00962431
2736,5.00075,0.00996204
2737,5.00071,0.00961995
2738,5.00072,0.00962494
2739,5.00072,0.0096241
2740,5.00073,0.00962428
2741,5.00074,0.00996535
2742,5.00072,0.00961145
2743,5.00072,0.00960979
2744,5.00072,0.0096074
2745,5.00073,0.00962903
2746,5.00073,0.00964216
2747,5.00074,0.00992731
2748,5.00074,0.0096193
2749,5.00073,0.00961942
2750,5.00072,0.0096231
2751,5.00073,0.00962005
2752,5.00074,0.00996206
2753,5.00075,0.00962045
2754,5.00072,0.00962084
2755,5.00075,0.00962858
2756,5.00072,0.00963541
2757,5.00073,0.00962576
2758,5.00073,0.0099561
2759,5.00074,0.00962626
2760,5.00071,0.00962021
2761,5.00073,0.00961851
2762,5.00072,0.00962347
2763,5.00076,0.00995446
2764,5.00073,0.00962481
2765,5.00074,0.00961536
2766,5.00072,0.00962552
2767,5.00072,0.00962
2768,5.00074,0.00994286
2769,5.00072,0.00963616
2770,5.0007,0.00962476
2771,5.00072,0.0096233
2772,5.00073,0.00962641
2773,5.00074,0.00962274
2774,5.00074,0.0099516
2775,5.00072,0.00962104
2776,5.00074,0.00962754
2777,5.00072,0.00961796
2778,5.00074,0.00962247
2779,5.00074,0.00986842
2780,5.00073,0.00970235
2781,5.00072,0.00960354
2782,5.00073,0.00960604
2783,5.00073,0.00961123
2784,5.00072,0.00961255
2785,5.00073,0.00960989
2786,5.00072,0.00961431
2787,5.00072,0.00962478
2788,5.00073,0.0096245
2789,5.00073,0.00962504
2790,5.00073,0.00962342
2791,5.00074,0.00961973
2792,5.00073,0.00962247
2793,5.00073,0.00961685
2794,5.00072,0.00962225
2795,5.00073,0.00962031
2796,5.00073,0.00962196
2797,5.00073,0.00970654
2798,5.00073,0.00961858
2799,5.00074,0.00961357
2800,5.00073,0.00961475
2801,5.00073,0.00961612
2802,5.00074,0.00961811
2803,5.00073,0.00961926
2804,5.00072,0.00962405
2805,5.00071,0.00962195
2806,5.00073,0.00962028
2807,5.00071,0.00961351
2808,5.00072,0.00962271
2809,5.00072,0.00962132
2810,5.00071,0.00961841
2811,5.00073,0.00961693
2812,5.00071,0.00961501
2813,5.00072,0.00961876
2814,5.00073,0.00961662
2815,5.00072,0.00961969
2816,5.00072,0.00962394
2817,5.00072,0.00961723
2818,5.00073,0.00961958
2819,5.00072,0.00962159
2820,5.00073,0.00962048
2821,5.00074,0.0096198
2822,5.00073,0.00962547
2823,5.00072,0.0096247
2824,5.00073,0.0096214
2825,5.00074,0.00962982
2826,5.00073,0.00961716
2827,5.00073,0.0096196
2828,5.00074,0.00962095
2829,5.00072,0.00961534
2830,5.00074,0.00962004
2831,5.00072,0.0096161
2832,5.00073,0.00962262
2833,5.00074,0.00962116
2834,5.00073,0.00961101
2835,5.00072,0.00960457
2836,5.00072,0.00960706
2837,5.00074,0.00960372
2838,5.00073,0.00960797
2839,5.00074,0.00960373
2840,5.00073,0.00960287
2841,5.00072,0.00960163
2842,5.00074,0.00961012
2843,5.00073,0.00960962
2844,5.00073,0.00960761
2845,5.00071,0.00960486
2846,5.00072,0.00960597
2847,5.00072,0.0096096
2848,5.00071,0.00961167
2849,5.00072,0.00960035
2850,5.00071,0.0096074
2851,5.00072,0.00960601
2852,5.0007,0.00960448
2853,5.00073,0.00960792
2854,5.00073,0.0096084
2855,5.00073,0.00960434
2856,5.00072,0.00960513
2857,5.00073,0.00960412
2858,5.00072,0.00960474
2859,5.00072,0.00960201
2860,5.00072,0.00960706
2861,5.00073,0.00960563
2862,5.00072,0.00960626
2863,5.00072,0.00960321
2864,5.00073,0.00960451
2865,5.00072,0.00960831
2866,5.00072,0.00960829
2867,5.00072,0.00960216
2868,5.00072,0.0096066
2869,5.00072,0.00960853
2870,5.00072,0.00960914
2871,5.00071,0.00960913
2872,5.00073,0.00961039
2873,5.00071,0.00961197
2874,5.00072,0.00960638
2875,5.00071,0.00960654
2876,5.00073,0.00960147
2877,5.00073,0.00961012
2878,5.00073,0.00960595
2879,5.00072,0.00961116
2880,5.00072,0.00960836
2881,5.00075,0.00960998
2882,5.00073,0.00961436
2883,5.00074,0.00960887
2884,5.00073,0.00960718
2885,5.00072,0.00961606
2886,5.00073,0.00960621
2887,5.00073,0.00960893
2888,5.00072,0.00960642
2889,5.00071,0.00960638
2890,5.00073,0.00961051
2891,5.00073,0.00960548
2892,5.00072,0.00960874
2893,5.00071,0.00961001
2894,5.00073,0.00960806
2895,5.00072,0.00960824
2896,5.00073,0.00961147
2897,5.00072,0.00960951
2898,5.00072,0.00960802
2899,5.00072,0.00960784
2900,5.00073,0.00960057
2901,5.00072,0.00960211
2902,5.00072,0.00961323
2903,5.00072,0.00960518
2904,5.00071,0.00960234
2905,5.00071,0.00960934
2906,5.00071,0.00960694
2907,5.00072,0.00960751
2908,5.00072,0.00960352
2909,5.00072,0.00960464
2910,5.00073,0.00960063
2911,5.00071,0.00960434
2912,5.00072,0.00961676
2913,5.00071,0.00960796
2914,5.0007,0.00960513
2915,5.00072,0.00960579
2916,5.00071,0.00960593
2917,5.00071,0.00960376
2918,5.00073,0.00961102
2919,5.00072,0.00960584
2920,5.00071,0.00960121
2921,5.00071,0.00960524
2922,5.00072,0.00961192
2923,5.00072,0.00960558
2924,5.00073,0.00960814
2925,5.00071,0.00960935
2926,5.00072,0.00960739
2927,5.00071,0.00960371
2928,5.00072,0.00960354
2929,5.00071,0.00960734
2930,5.00071,0.00960921
2931,5.00072,0.00960591
2932,5.00072,0.00960386
2933,5.00071,0.00960252
2934,5.00072,0.0096129
2935,5.00072,0.00960873
2936,5.00073,0.00961309
2937,5.0007,0.00960705
2938,5.00073,0.009607
2939,5.00071,0.00960862
2940,5.00072,0.0096079
2941,5.00074,0.0096047
2942,5.00074,0.0096111
2943,5.00073,0.0096026
2944,5.00073,0.00961292
2945,5.00072,0.00960886
2946,5.00072,0.00960765
2947,5.00072,0.00960393
2948,5.00073,0.00960336
2949,5.00072,0.00960431
2950,5.00073,0.0096066
2951,5.00072,0.00960329
2952,5.00073,0.00960576
2953,5.00073,0.00961197
2954,5.00072,0.00960589
2955,5.00072,0.00960324
2956,5.00072,0.00960332
2957,5.00072,0.00960376
2958,5.00072,0.00960736
2959,5.00071,0.00960728
2960,5.00072,0.00960704
2961,5.00072,0.00960438
2962,5.00071,0.0096047
2963,5.00071,0.00960126
2964,5.00072,0.0096068
2965,5.00073,0.00960123
2966,5.0007,0.00960488
2967,5.00072,0.0096015
2968,5.00073,0.00960346
2969,5.00072,0.00960008
2970,5.00072,0.0096
2971,5.00073,0.00960385
2972,5.00073,0.00960495
2973,5.00074,0.00961013
2974,5.00074,0.00962724
2975,5.00073,0.00961988
2976,5.00073,0.00961585
2977,5.00073,0.00961704
2978,5.00074,0.0096201
2979,5.00074,0.00962775
2980,5.00073,0.00962284
2981,5.00074,0.00962383
2982,5.00074,0.00962158
2983,5.00073,0.00962218
2984,5.00072,0.00961728
2985,5.00073,0.0096172
2986,5.00073,0.00962052
2987,5.00073,0.00961334
2988,5.00073,0.00962479
2989,5.00071,0.00960755
2990,5.00073,0.00960646
2991,5.00072,0.00960479
2992,5.00073,0.00960897
2993,5.00073,0.00960952
2994,5.00073,0.00960473
2995,5.00073,0.00960092
2996,5.00072,0.00960935
2997,5.00072,0.00960172
2998,5.00072,0.00960709
2999,5.00072,0.00960529
